Comments,Sentiment
Elon Musk set us all up to see him as a heroic figure set to usher in the future and then stupidly revealed his true colors in the past few months or so.,-1
AL politician admits to beating children on National TV - https://www.youtube.com/watch?v=7Gu7KU8c924&feature=youtu.be,-1
NID chara Hobe na vaccine nawa jabe na? :/ That's gonna suck for me given NID nai,-1
I know right? HOW COULD THEY,0
Among us homies india is the most hated one.,-1
Lmao this is hilarious. We need some Bangladesh equivalent of ‚Äúmurica fuck yea‚Äù any idea ?,0
"Not really, Simply why isnt he in jail/lost license and this a non issue ? 
Instead they start torturing and killing students  showing their colours as corrupt peices of s*** and get their little pet terrorist group to cause terror. ",-1
"While thinking about it, I still don't know, but I don't **want** to know, either.",0
Let them bark bro. Reddit was a good place for everyone now it's being flooded by Awami perpetrators. Who knows maybe it's preplanned.,-1
Now the husband modi and wife Sheikh Hasina will destroy nation together,-1
Sorry but that's not historically accurate. This sounds similar to things that Pakistani Ghazwa e Hind enthusiasts and Indian Akhand Bharat dipshits say.,-1
"Na na, I will make sure the jonogon does it for the PM.

Othoba kharap dekhay.  


Dekhona most of them cannot even get a fucking joke. Shows porte shiklei shob hoyna.",0
Cunt! ,-1
"You were quick to judge! I was not talking about mobile games either, in fact I wasn't even thinking about mobile games. I strictly game on PC. Anyway, my point was, Bangladesh has not done anything remarkable to get an acknowledgement. So I am not surprised people still doesn't know about us, especially if they are Europeans.

I have been living in Germany for the past 2.5 years. People usually recognizes us with something associated with either Cricket or India or with something bad that we have done (which I am not proud of, I stopped telling people that I am from Bangladesh unless it's necessary, they now assume I am Indian or something). And pretty much 30% - 40% of my teammates never even heard the name when I que matches from here, just like you never heard of that random african country. I wouldn't label it as ignorance to be honest.",0
My whole life is a lie.,-1
"So you think a response to a traffic accident is marching around protesting...  
instead of say, electing officials who want to have better traffic laws? Or going to a council meeting? The answer was to disrupt the entire city...  
",-1
can't you tell? wtf,-1
Wait what there is onion? I did not know that......or do we not eat with onion..:/,0
"\> When you are on a rock bottom it's easy to have a fast growth 

rock bottom? Yeah buddy, we have been in political turmoil for nearly 38 years after independence in 1971 with all of our brainpower effectively killed off just 2 days before war ended, plus famines in 70s which killed nearly 1.5 million and even after all of that, our country just stabilized in early 2010s and since then we have grown consistently in economy (little fact : we tripled our economy within a decade XD), established world class RMG industry just second to China.

We are considered one of the NEXT Eleven countries which are expected to play large roles in 21st century as well expected to become one of the top 25 economies by 2030, considered as the next Asian Tiger, became an emerging middle power country in Indo-Pacific region that every big power is trying to woo.

&#x200B;

Since we are at it, your country is also one of the poorest in Europe, so why not compare with Europe instead of us, to feel good about yourselves?",1
Damn Boi,-1
this is some mal,-1
"News: Rampant corruption in Bangladesh coming from the highest level of power

Bangladeshis: Oh no! Anyway...",-1
Armchair revolutionaries aren't really helping right now. ,-1
^(Back in our days ... damnn I feel old now),-1
"If u r blaming the state of UP on the bjp, that is just wrong (if you are that is)",-1
that's just a weird mixture of casteism and islamophobia lol,-1
Please help spread new tag #RebootBangladesh!! Almost no one is using it on twit and the others are obviously blocked because if they weren‚Äôt they‚Äôd be trending right now,0
"Protesters attacked by BCL thugs in jigatola - https://m.facebook.com/story.php?story_fbid=1093258077513384&id=532453643593833

https://m.facebook.com/story.php?story_fbid=2032126863486716&id=100000682671776


https://m.facebook.com/story.php?story_fbid=1838872982861094&id=100002152291551

https://m.facebook.com/story.php?story_fbid=10156502366977910&id=565192909

https://m.facebook.com/story.php?story_fbid=1785177834901743&id=100002286324376

https://m.facebook.com/story.php?story_fbid=879681258893366&id=100005544995145

https://m.facebook.com/story.php?story_fbid=1852867858125764&id=100002077034265

https://m.facebook.com/story.php?story_fbid=10216848408506507&id=1352959383

https://m.facebook.com/story.php?story_fbid=10160759974000319&id=518015318

",-1
"What surprises me is how quickly they sent something Trump-like. I mean, they haven‚Äôt had even 48hrs to investigate properly, how the hell are they so bloody certain it‚Äôs ‚Äúgujob‚Äù. Pathetic!",-1
"BCL is their antifa. Just there to incite violence, oppress speech they don't like, and attack peaceful protesters. ",0
"Nah im white not a street shitter, but I imagine its hard for them to stop with the wheels covered in street shitter blood.",-1
yeepp.. talk about escalating something that could be so easily handled ,-1
"So you think BLM is a violent group? Blocking roads is in no way a violent protest. The people responding can make it violent by chosing to run people over, or just live with it, a mild inconvenience is not violence",0
"Jeez, we all forgot about that. Why bring up such a tragic moment of our nation?",0
[removed],0
I was there.,0
I once wrote ‡¶ü‡¶æ‡¶ï‡¶≤‡¶æ instead of ‡¶ü‡¶æ‡¶ï‡¶æ,0
"Both, news media outlets and politicans!",0
Me tooo,0
yes,0
"‡¶π‡¶ø‡¶®‡ßç‡¶¶‡ßÅ‡¶¶‡ßá‡¶∞ ‡¶Æ‡¶æ‡¶∞‡¶æ‡¶∞ ‡¶ú‡¶®‡ßç‡¶Ø ‡¶¨‡ßá‡¶∞ ‡¶π‡¶Ø‡¶º‡¶®‡¶ø ‡•§ ‡¶∏‡¶æ‡¶§‡¶ø‡¶Æ‡ßá ‡¶∞‡¶æ‡¶∏‡ßÇ‡¶≤ ‡¶è‡¶∞ ‡¶∂‡¶ø‡¶∞‡¶ö‡ßç‡¶õ‡ßá‡¶¶ ‡¶è‡¶∞ ‡¶™‡¶Ø‡¶º‡¶ó‡¶æ‡¶Æ ‡¶¶‡¶ø‡¶§‡ßá ‡¶¨‡ßá‡¶∞‡¶ø‡¶Ø‡¶º‡ßá‡¶õ‡ßá ‡¶§‡¶æ‡¶∞‡¶æ ‡•§

‡¶ñ‡¶æ‡¶ô‡ßç‡¶ï‡¶ø‡¶∞ ‡¶™‡ßã‡¶≤‡¶æ ‡¶§‡ßã‡¶∞ ‡¶Æ‡¶æ‡¶Ø‡¶º‡¶∞‡ßá ‡¶ö‡ßã‡¶¶‡¶æ‡¶∞ ‡¶ú‡¶®‡ßç‡¶Ø ‡¶¨‡ßá‡¶∞ ‡¶π‡¶Ø‡¶º‡¶®‡¶ø ‡•§ ‡¶Æ‡¶ø‡¶õ‡¶ø‡¶≤‡ßá ‡¶¨‡ßá‡¶∞ ‡¶π‡¶á‡¶õ‡¶ø‡¶≤‡ßã ‡•§ ‡¶Ü‡¶∞ ‡¶§‡ßã‡¶∞ ‡¶¨‡ßá‡¶∂‡ßç‡¶Ø‡¶æ ‡¶Æ‡¶æ ‡¶π‡¶æ‡¶∏‡¶ø‡¶®‡¶æ ‡¶Ø‡ßá ‡¶™‡ßÅ‡¶≤‡¶ø‡¶∂ ‡¶™‡¶æ‡¶†‡¶æ‡¶Ø‡¶º ‡¶§‡¶æ‡¶∞ ‡¶¨‡¶ø‡¶™‡¶ï‡ßç‡¶∑‡ßá ‡¶ì‡¶∞‡¶æ ‡¶®‡¶æ‡¶Æ‡¶õ‡¶ø‡¶≤ ‡¶Ø‡¶ñ‡¶® ‡¶´‡ßç‡¶∞‡¶æ‡¶®‡ßç‡¶∏ ‡¶ì‡¶á ‡¶ò‡¶ü‡¶®‡¶æ ‡¶ò‡¶ü‡ßá ‡•§ How this Motherfucker is spreading misinformation !",-1
o lol.,0
Ajkei kine anlam matro <3,1
"Also, in Assamese it is ""toka"".",0
"its a copypasta man, its really not that deep :/",0
Any data to prove it though?,0
"Go to Twitter#
#
 WeWantJustice",0
Didn't Modi visited Bangladesh before this too ? Why protest now ? Why not before ?,0
OK lol,0
[deleted],0
Like this Child of time.,0
"Jani amar kotha gula gaye lagse, eijonno project korteso",-1
The developer [literally claimed that it shouldn't be used for these purposes](https://en.wikipedia.org/wiki/FireChat#Security).,0
"Would a boycott help?  A large portion of retail clothing vendors have clothing made in Bangladesh.  What if we set up petitions and organize boycotts if retailers that sell clothes made in Bangladesh?

I‚Äôm not sure how effective this would be, but for sure money talks louder in places like that. (Or financial hits rather)",1
"‡¶è‡¶™‡¶ø‡¶ï, ‡¶∏‡ßá‡¶á‡•§",0
did he just lift up like 30 kg with one hand?,0
BUMP,0
[removed],0
"Hey guys Indian here could you please tell reason for Modi protest, is it because we are Hindus and kaafir or because of him being right wing.
Be open I won't feel sad if you call us kafirs or something be real and frank though.

Edit answer to below threads
First of all 2002 was riot.
Search godra kand wherein muslim burned hindu pilgrimage for being kaafirs.
Secondly our stance towards bengal has always been positive, in 2016 we solved our 50 yr old border issue.
Third we are not against bengali people instead we admire you for your growth ,we are even taught how Bangladesh is turning out into manufacturing giant in South Asia.
We are against illigal immigrants.
Fourth if you hate modi because he is right wing, than you would surely hate Erdogan but that's not the case.
So i was curious why there was hate.",1
Were they any good?,0
you can include : stopping a social media,0
"Edit 4, #WeDemandJustice is already up there",1
[deleted],0
"We have one, #rebootbangladesh. updated OP",0
Isn't it obvious that anyone would want to move to the west because they want a better life and a better income? I'm talking about those people who say they despise the west but want to move there because it's better and then act as if they love everything about it. I'm not sure how you missed this obvious point.,1
"###[View link](https://redditsave.com/info?url=/r/bangladesh/comments/ui7xw3/deshi_transition/)


 --- 
 [**Info**](https://np.reddit.com/user/SaveVideo/comments/jv323v/info/)&#32;|&#32; [**Feedback**](https://np.reddit.com/message/compose/?to=Kryptonh&subject=Feedback for savevideo)&#32;|&#32;[**Donate**](https://ko-fi.com/getvideo) &#32;|&#32; [**DMCA**](https://np.reddit.com/message/compose/?to=Kryptonh&subject=Content removal request for savevideo&message=https://np.reddit.com//r/bangladesh/comments/ui7xw3/deshi_transition/)",0
high time our country should have social service at least for kids.,1
"Ahmm, Japan, Korea, US. 

International ties is about geopolitical advantages and leverages not about who respects who. bangladesh need pak to keep ind in check and the vice versa. like japan needed us, korea needed both us and japan to keep china in check. If you think anyone gives a damn about respect i don't know what utopia you are living in. the more power you have the more respect you will receive.",0
Argentina gave me life and Bangladesh the desire to live it. Thaks brothers!!!,1
Good bot,1
you guys are champions too. thanks for the support!,1
thanks,1
Thank you!,1
Yummy test,1
"ShareIt is great for sending apps from one phone to another. Great, underrated stuff. ",1
"Biryani is biryani, just the name alone makes me happy.",1
Woooosh,0
Oh nice. She's very cute. Wish i could be there...üôÉ,1
yep. couldn't forget about bata shoes. they're an essential part.,1
wow bangladesh is my country,1
we learn something new everyday I guess lmao,1
Good human.,1
Ohhh I see that sounds delicious. Which country is it from? I know it‚Äôs either Malaysia or Indonesia,1
Shahid(Brahman)baria‚ù§Ô∏è,0
"Australians are really getting a good lesson on how to be humble !!!! Congratulations Bangladesh team to teach them this valuable lesson.  
Who else thinks they can bangla wash these Aussies ?",1
"Mate, thats a lot you have done. Thank You!",1
Let's goooooooooooo!,1
"true, I couldn't agree more . Most smartphones these days serve the same purpose , anything apart from an iPhone works best in places of Asia and Africa tbh",1
ZenMate and Ultrasurf are other good free VPN alternatives for PC/MAC.,0
Agreed lmao,1
How did that work so well holy fuck,1
thanks!,1
Grateful for the opportunity to be able to aid someone plagued by the hellfire that took place over there; Are there any other gofundme's or anything that have been verified?,-1
"üéºYeah, I'm gonna take my horse

To the old town road

I'm gonna ride 'til I can't no moreüéº",1
thanks!,1
He obviously has already exceeded that point of just having potential he is a great athlete,1
You did it dearü§óit's pretty good.,1
üíØ agreed,0
"Oh- even better!!!! Than countries like Indonesia, Malaysia, turkey, Algeria and even Bangladesh are athiest?",1
Great work! Hope your cousin keeps it up.,1
"much needed in this time... 

Pray for Bangladesh....",1
He was right indeed.,0
